PID,OwnerID,OfficeID,HouseNo,Locality,Area,City,Pin,Size,Type,BHK,Year Built,Description
50000001,10000024,100003,C-36,Fancy Bazaar,Laxmi Ganj,Guwahati,781001,2495,APARTMENT,6,2025,"Premium 6 BHK APARTMENT in Laxmi Ganj, Guwahati. Built in 2025 with 2495 sq ft area."
50000002,10000059,100003,D-49,Charbagh,Gomti Nagar,Lucknow,226001,2696,APARTMENT,4,2020,"Premium 4 BHK APARTMENT in Gomti Nagar, Lucknow. Built in 2020 with 2696 sq ft area."
50000003,10000042,100005,E-62,Rohini,Connaught Place,New Delhi,110001,2636,FLAT,4,2019,"Premium 4 BHK FLAT in Connaught Place, New Delhi. Built in 2019 with 2636 sq ft area."
50000004,10000012,100002,F-75,Ganeshguri,Paltan Bazaar,Guwahati,781001,1955,FLAT,2,2016,"Premium 2 BHK FLAT in Paltan Bazaar, Guwahati. Built in 2016 with 1955 sq ft area."
50000005,10000041,100003,G-88,Charbagh,Indira Nagar,Lucknow,226001,1073,FLAT,5,2020,"Premium 5 BHK FLAT in Indira Nagar, Lucknow. Built in 2020 with 1073 sq ft area."
50000006,10000079,100005,H-101,Karol Bagh,Vasant Kunj,New Delhi,110001,2377,APARTMENT,2,2025,"Premium 2 BHK APARTMENT in Vasant Kunj, New Delhi. Built in 2025 with 2377 sq ft area."
50000007,10000066,100002,I-114,Hauz Khas,Connaught Place,New Delhi,110001,1736,FLAT,6,2016,"Premium 6 BHK FLAT in Connaught Place, New Delhi. Built in 2016 with 1736 sq ft area."
50000008,10000099,100003,J-127,Bada,Morar,Gwalior,474001,2880,APARTMENT,1,2019,"Premium 1 BHK APARTMENT in Morar, Gwalior. Built in 2019 with 2880 sq ft area."
50000009,10000004,100004,K-140,Thatipur,City Center,Gwalior,474001,2357,APARTMENT,4,2019,"Premium 4 BHK APARTMENT in City Center, Gwalior. Built in 2019 with 2357 sq ft area."
50000010,10000085,100005,L-153,Phool Bagh,Morar,Gwalior,474001,1286,FLAT,3,2022,"Premium 3 BHK FLAT in Morar, Gwalior. Built in 2022 with 1286 sq ft area."
50000011,10000085,100004,M-166,Thatipur,City Center,Gwalior,474001,1685,APARTMENT,4,2014,"Premium 4 BHK APARTMENT in City Center, Gwalior. Built in 2014 with 1685 sq ft area."
50000012,10000099,100002,N-179,Pinto Park,Lashkar,Gwalior,474001,1560,FLAT,2,2025,"Premium 2 BHK FLAT in Lashkar, Gwalior. Built in 2025 with 1560 sq ft area."
50000013,10000060,100003,O-192,Bada,City Center,Gwalior,474001,600,FLAT,6,2018,"Premium 6 BHK FLAT in City Center, Gwalior. Built in 2018 with 600 sq ft area."
50000014,10000079,100002,P-205,Malad,Andheri,Mumbai,400001,1828,APARTMENT,5,2022,"Premium 5 BHK APARTMENT in Andheri, Mumbai. Built in 2022 with 1828 sq ft area."
50000015,10000047,100003,Q-218,Phool Bagh,City Center,Gwalior,474001,525,FLAT,2,2022,"Premium 2 BHK FLAT in City Center, Gwalior. Built in 2022 with 525 sq ft area."
50000016,10000098,100002,R-231,Fancy Bazaar,Laxmi Ganj,Guwahati,781001,1542,FLAT,4,2017,"Premium 4 BHK FLAT in Laxmi Ganj, Guwahati. Built in 2017 with 1542 sq ft area."
50000017,10000127,100002,S-244,Aminabad,Gomti Nagar,Lucknow,226001,1205,APARTMENT,5,2019,"Premium 5 BHK APARTMENT in Gomti Nagar, Lucknow. Built in 2019 with 1205 sq ft area."
50000018,10000114,100006,T-257,Bada,City Center,Gwalior,474001,1946,APARTMENT,4,2025,"Premium 4 BHK APARTMENT in City Center, Gwalior. Built in 2025 with 1946 sq ft area."
50000019,10000127,100004,U-270,Ganeshguri,Laxmi Ganj,Guwahati,781001,1348,FLAT,5,2025,"Premium 5 BHK FLAT in Laxmi Ganj, Guwahati. Built in 2025 with 1348 sq ft area."
50000020,10000100,100005,V-283,Karol Bagh,Dwarka,New Delhi,110001,2563,FLAT,2,2014,"Premium 2 BHK FLAT in Dwarka, New Delhi. Built in 2014 with 2563 sq ft area."
50000021,10000118,100006,W-296,Dispur,Paltan Bazaar,Guwahati,781001,2253,APARTMENT,2,2017,"Premium 2 BHK APARTMENT in Paltan Bazaar, Guwahati. Built in 2017 with 2253 sq ft area."
50000022,10000140,100004,X-309,Saket,Dwarka,New Delhi,110001,972,FLAT,5,2015,"Premium 5 BHK FLAT in Dwarka, New Delhi. Built in 2015 with 972 sq ft area."
50000023,10000107,100004,Y-322,Beltola,Uzan Bazaar,Guwahati,781001,2823,FLAT,6,2024,"Premium 6 BHK FLAT in Uzan Bazaar, Guwahati. Built in 2024 with 2823 sq ft area."
50000024,10000007,100003,Z-335,Rajouri Garden,Dwarka,New Delhi,110001,1600,FLAT,2,2022,"Premium 2 BHK FLAT in Dwarka, New Delhi. Built in 2022 with 1600 sq ft area."
50000025,10000089,100005,A-348,Mahanagar,Indira Nagar,Lucknow,226001,2785,APARTMENT,5,2020,"Premium 5 BHK APARTMENT in Indira Nagar, Lucknow. Built in 2020 with 2785 sq ft area."
50000026,10000024,100005,B-361,Hauz Khas,Vasant Kunj,New Delhi,110001,1431,FLAT,2,2020,"Premium 2 BHK FLAT in Vasant Kunj, New Delhi. Built in 2020 with 1431 sq ft area."
50000027,10000029,100004,C-374,Worli,Colaba,Mumbai,400001,606,FLAT,6,2024,"Premium 6 BHK FLAT in Colaba, Mumbai. Built in 2024 with 606 sq ft area."
50000028,10000124,100002,D-387,Maligaon,Paltan Bazaar,Guwahati,781001,2290,APARTMENT,2,2017,"Premium 2 BHK APARTMENT in Paltan Bazaar, Guwahati. Built in 2017 with 2290 sq ft area."
50000029,10000081,100004,E-400,Dabra,Morar,Gwalior,474001,676,APARTMENT,4,2021,"Premium 4 BHK APARTMENT in Morar, Gwalior. Built in 2021 with 676 sq ft area."
50000030,10000141,100006,F-413,Rohini,Connaught Place,New Delhi,110001,2143,APARTMENT,4,2023,"Premium 4 BHK APARTMENT in Connaught Place, New Delhi. Built in 2023 with 2143 sq ft area."
50000031,10000090,100003,G-426,Thatipur,Lashkar,Gwalior,474001,1540,FLAT,6,2020,"Premium 6 BHK FLAT in Lashkar, Gwalior. Built in 2020 with 1540 sq ft area."
50000032,10000114,100003,H-439,Ganeshguri,Uzan Bazaar,Guwahati,781001,2816,APARTMENT,3,2023,"Premium 3 BHK APARTMENT in Uzan Bazaar, Guwahati. Built in 2023 with 2816 sq ft area."
50000033,10000047,100003,I-452,Vikas Nagar,Indira Nagar,Lucknow,226001,1622,APARTMENT,4,2020,"Premium 4 BHK APARTMENT in Indira Nagar, Lucknow. Built in 2020 with 1622 sq ft area."
50000034,10000001,100006,J-465,Powai,Colaba,Mumbai,400001,1962,APARTMENT,5,2014,"Premium 5 BHK APARTMENT in Colaba, Mumbai. Built in 2014 with 1962 sq ft area."
50000035,10000104,100003,K-478,Beltola,Uzan Bazaar,Guwahati,781001,1370,FLAT,1,2020,"Premium 1 BHK FLAT in Uzan Bazaar, Guwahati. Built in 2020 with 1370 sq ft area."
50000036,10000012,100005,L-491,Worli,Colaba,Mumbai,400001,1848,FLAT,2,2015,"Premium 2 BHK FLAT in Colaba, Mumbai. Built in 2015 with 1848 sq ft area."
50000037,10000060,100005,M-504,Pinto Park,Morar,Gwalior,474001,2907,APARTMENT,6,2020,"Premium 6 BHK APARTMENT in Morar, Gwalior. Built in 2020 with 2907 sq ft area."
50000038,10000142,100004,N-517,Worli,Andheri,Mumbai,400001,1567,APARTMENT,1,2014,"Premium 1 BHK APARTMENT in Andheri, Mumbai. Built in 2014 with 1567 sq ft area."
50000039,10000146,100002,O-530,Vikas Nagar,Gomti Nagar,Lucknow,226001,2865,FLAT,1,2015,"Premium 1 BHK FLAT in Gomti Nagar, Lucknow. Built in 2015 with 2865 sq ft area."
50000040,10000021,100006,P-543,Phool Bagh,Lashkar,Gwalior,474001,1988,FLAT,1,2024,"Premium 1 BHK FLAT in Lashkar, Gwalior. Built in 2024 with 1988 sq ft area."
50000041,10000024,100006,Q-556,Ganeshguri,Uzan Bazaar,Guwahati,781001,1298,APARTMENT,5,2016,"Premium 5 BHK APARTMENT in Uzan Bazaar, Guwahati. Built in 2016 with 1298 sq ft area."
50000042,10000125,100006,R-569,Malad,Bandra,Mumbai,400001,506,FLAT,1,2016,"Premium 1 BHK FLAT in Bandra, Mumbai. Built in 2016 with 506 sq ft area."
50000043,10000108,100003,S-582,Mahanagar,Gomti Nagar,Lucknow,226001,2018,APARTMENT,4,2017,"Premium 4 BHK APARTMENT in Gomti Nagar, Lucknow. Built in 2017 with 2018 sq ft area."
50000044,10000108,100004,T-595,Maligaon,Uzan Bazaar,Guwahati,781001,2932,FLAT,3,2023,"Premium 3 BHK FLAT in Uzan Bazaar, Guwahati. Built in 2023 with 2932 sq ft area."
50000045,10000134,100002,U-608,Aliganj,Hazratganj,Lucknow,226001,1124,APARTMENT,6,2014,"Premium 6 BHK APARTMENT in Hazratganj, Lucknow. Built in 2014 with 1124 sq ft area."
50000046,10000057,100006,V-621,Bada,City Center,Gwalior,474001,594,FLAT,1,2022,"Premium 1 BHK FLAT in City Center, Gwalior. Built in 2022 with 594 sq ft area."
50000047,10000099,100004,W-634,Dispur,Paltan Bazaar,Guwahati,781001,743,APARTMENT,2,2020,"Premium 2 BHK APARTMENT in Paltan Bazaar, Guwahati. Built in 2020 with 743 sq ft area."
50000048,10000141,100002,X-647,Aminabad,Indira Nagar,Lucknow,226001,2240,APARTMENT,3,2019,"Premium 3 BHK APARTMENT in Indira Nagar, Lucknow. Built in 2019 with 2240 sq ft area."
50000049,10000109,100005,Y-660,Pinto Park,Lashkar,Gwalior,474001,1256,APARTMENT,1,2022,"Premium 1 BHK APARTMENT in Lashkar, Gwalior. Built in 2022 with 1256 sq ft area."
50000050,10000112,100003,Z-673,Saket,Dwarka,New Delhi,110001,2297,FLAT,6,2017,"Premium 6 BHK FLAT in Dwarka, New Delhi. Built in 2017 with 2297 sq ft area."
50000051,10000042,100003,A-686,Aliganj,Gomti Nagar,Lucknow,226001,2273,APARTMENT,5,2015,"Premium 5 BHK APARTMENT in Gomti Nagar, Lucknow. Built in 2015 with 2273 sq ft area."
50000052,10000066,100006,B-699,Pinto Park,Morar,Gwalior,474001,2630,APARTMENT,6,2015,"Premium 6 BHK APARTMENT in Morar, Gwalior. Built in 2015 with 2630 sq ft area."
50000053,10000029,100004,C-712,Mahanagar,Gomti Nagar,Lucknow,226001,982,APARTMENT,6,2016,"Premium 6 BHK APARTMENT in Gomti Nagar, Lucknow. Built in 2016 with 982 sq ft area."
50000054,10000084,100002,D-725,Vikas Nagar,Indira Nagar,Lucknow,226001,2903,APARTMENT,5,2015,"Premium 5 BHK APARTMENT in Indira Nagar, Lucknow. Built in 2015 with 2903 sq ft area."
50000055,10000005,100002,E-738,Dabra,Morar,Gwalior,474001,735,FLAT,4,2024,"Premium 4 BHK FLAT in Morar, Gwalior. Built in 2024 with 735 sq ft area."
50000056,10000104,100002,F-751,Ganeshguri,Paltan Bazaar,Guwahati,781001,1163,APARTMENT,6,2023,"Premium 6 BHK APARTMENT in Paltan Bazaar, Guwahati. Built in 2023 with 1163 sq ft area."
50000057,10000095,100002,G-764,Malad,Bandra,Mumbai,400001,1984,FLAT,3,2021,"Premium 3 BHK FLAT in Bandra, Mumbai. Built in 2021 with 1984 sq ft area."
50000058,10000031,100003,H-777,Aminabad,Gomti Nagar,Lucknow,226001,1635,FLAT,4,2018,"Premium 4 BHK FLAT in Gomti Nagar, Lucknow. Built in 2018 with 1635 sq ft area."
50000059,10000141,100004,I-790,Thatipur,Morar,Gwalior,474001,1253,FLAT,5,2019,"Premium 5 BHK FLAT in Morar, Gwalior. Built in 2019 with 1253 sq ft area."
50000060,10000065,100006,J-803,Fancy Bazaar,Paltan Bazaar,Guwahati,781001,2512,APARTMENT,4,2022,"Premium 4 BHK APARTMENT in Paltan Bazaar, Guwahati. Built in 2022 with 2512 sq ft area."
50000061,10000053,100002,K-816,Dispur,Paltan Bazaar,Guwahati,781001,1864,FLAT,1,2018,"Premium 1 BHK FLAT in Paltan Bazaar, Guwahati. Built in 2018 with 1864 sq ft area."
50000062,10000048,100002,L-829,Rohini,Vasant Kunj,New Delhi,110001,2288,APARTMENT,3,2015,"Premium 3 BHK APARTMENT in Vasant Kunj, New Delhi. Built in 2015 with 2288 sq ft area."
50000063,10000089,100002,M-842,Aminabad,Gomti Nagar,Lucknow,226001,1630,FLAT,6,2019,"Premium 6 BHK FLAT in Gomti Nagar, Lucknow. Built in 2019 with 1630 sq ft area."
50000064,10000075,100004,N-855,Hauz Khas,Vasant Kunj,New Delhi,110001,714,FLAT,6,2021,"Premium 6 BHK FLAT in Vasant Kunj, New Delhi. Built in 2021 with 714 sq ft area."
50000065,10000146,100006,O-868,Charbagh,Gomti Nagar,Lucknow,226001,1482,FLAT,4,2014,"Premium 4 BHK FLAT in Gomti Nagar, Lucknow. Built in 2014 with 1482 sq ft area."
50000066,10000013,100005,P-881,Hauz Khas,Vasant Kunj,New Delhi,110001,1089,FLAT,6,2025,"Premium 6 BHK FLAT in Vasant Kunj, New Delhi. Built in 2025 with 1089 sq ft area."
50000067,10000143,100005,Q-894,Malad,Colaba,Mumbai,400001,1170,FLAT,6,2018,"Premium 6 BHK FLAT in Colaba, Mumbai. Built in 2018 with 1170 sq ft area."
50000068,10000024,100002,R-907,Saket,Connaught Place,New Delhi,110001,1446,FLAT,5,2018,"Premium 5 BHK FLAT in Connaught Place, New Delhi. Built in 2018 with 1446 sq ft area."
50000069,10000012,100006,S-21,Worli,Bandra,Mumbai,400001,1088,APARTMENT,5,2018,"Premium 5 BHK APARTMENT in Bandra, Mumbai. Built in 2018 with 1088 sq ft area."
50000070,10000040,100004,T-34,Dadar,Bandra,Mumbai,400001,1230,FLAT,4,2014,"Premium 4 BHK FLAT in Bandra, Mumbai. Built in 2014 with 1230 sq ft area."
50000071,10000028,100002,U-47,Aliganj,Gomti Nagar,Lucknow,226001,1373,APARTMENT,6,2017,"Premium 6 BHK APARTMENT in Gomti Nagar, Lucknow. Built in 2017 with 1373 sq ft area."
50000072,10000140,100006,V-60,Juhu,Andheri,Mumbai,400001,2327,FLAT,1,2019,"Premium 1 BHK FLAT in Andheri, Mumbai. Built in 2019 with 2327 sq ft area."
50000073,10000124,100002,W-73,Dabra,Lashkar,Gwalior,474001,1606,FLAT,4,2021,"Premium 4 BHK FLAT in Lashkar, Gwalior. Built in 2021 with 1606 sq ft area."
50000074,10000146,100003,X-86,Charbagh,Hazratganj,Lucknow,226001,883,APARTMENT,3,2015,"Premium 3 BHK APARTMENT in Hazratganj, Lucknow. Built in 2015 with 883 sq ft area."
50000075,10000131,100006,Y-99,Hauz Khas,Connaught Place,New Delhi,110001,2275,APARTMENT,6,2021,"Premium 6 BHK APARTMENT in Connaught Place, New Delhi. Built in 2021 with 2275 sq ft area."
50000076,10000095,100004,Z-112,Phool Bagh,City Center,Gwalior,474001,2167,APARTMENT,3,2024,"Premium 3 BHK APARTMENT in City Center, Gwalior. Built in 2024 with 2167 sq ft area."
50000077,10000115,100002,A-125,Thatipur,Morar,Gwalior,474001,2178,FLAT,5,2016,"Premium 5 BHK FLAT in Morar, Gwalior. Built in 2016 with 2178 sq ft area."
50000078,10000098,100005,B-138,Charbagh,Indira Nagar,Lucknow,226001,1064,APARTMENT,4,2014,"Premium 4 BHK APARTMENT in Indira Nagar, Lucknow. Built in 2014 with 1064 sq ft area."
50000079,10000149,100005,C-151,Aminabad,Gomti Nagar,Lucknow,226001,1956,APARTMENT,2,2016,"Premium 2 BHK APARTMENT in Gomti Nagar, Lucknow. Built in 2016 with 1956 sq ft area."
50000080,10000139,100004,D-164,Juhu,Colaba,Mumbai,400001,1362,FLAT,3,2017,"Premium 3 BHK FLAT in Colaba, Mumbai. Built in 2017 with 1362 sq ft area."
50000081,10000104,100006,E-177,Powai,Colaba,Mumbai,400001,956,APARTMENT,1,2019,"Premium 1 BHK APARTMENT in Colaba, Mumbai. Built in 2019 with 956 sq ft area."
50000082,10000127,100006,F-190,Mahanagar,Hazratganj,Lucknow,226001,842,FLAT,3,2022,"Premium 3 BHK FLAT in Hazratganj, Lucknow. Built in 2022 with 842 sq ft area."
50000083,10000076,100006,G-203,Karol Bagh,Vasant Kunj,New Delhi,110001,2759,APARTMENT,4,2017,"Premium 4 BHK APARTMENT in Vasant Kunj, New Delhi. Built in 2017 with 2759 sq ft area."
50000084,10000041,100004,H-216,Bada,Morar,Gwalior,474001,2289,APARTMENT,3,2025,"Premium 3 BHK APARTMENT in Morar, Gwalior. Built in 2025 with 2289 sq ft area."
50000085,10000080,100006,I-229,Phool Bagh,Lashkar,Gwalior,474001,2955,APARTMENT,1,2023,"Premium 1 BHK APARTMENT in Lashkar, Gwalior. Built in 2023 with 2955 sq ft area."
50000086,10000027,100002,J-242,Dispur,Paltan Bazaar,Guwahati,781001,2719,APARTMENT,4,2017,"Premium 4 BHK APARTMENT in Paltan Bazaar, Guwahati. Built in 2017 with 2719 sq ft area."
50000087,10000076,100005,K-255,Dadar,Bandra,Mumbai,400001,1053,FLAT,3,2023,"Premium 3 BHK FLAT in Bandra, Mumbai. Built in 2023 with 1053 sq ft area."
50000088,10000023,100005,L-268,Fancy Bazaar,Laxmi Ganj,Guwahati,781001,633,FLAT,1,2020,"Premium 1 BHK FLAT in Laxmi Ganj, Guwahati. Built in 2020 with 633 sq ft area."
50000089,10000131,100004,M-281,Dadar,Bandra,Mumbai,400001,1640,APARTMENT,4,2017,"Premium 4 BHK APARTMENT in Bandra, Mumbai. Built in 2017 with 1640 sq ft area."
50000090,10000087,100002,N-294,Malad,Bandra,Mumbai,400001,2941,FLAT,1,2021,"Premium 1 BHK FLAT in Bandra, Mumbai. Built in 2021 with 2941 sq ft area."
50000091,10000144,100005,O-307,Karol Bagh,Dwarka,New Delhi,110001,2973,APARTMENT,4,2022,"Premium 4 BHK APARTMENT in Dwarka, New Delhi. Built in 2022 with 2973 sq ft area."
50000092,10000043,100004,P-320,Aliganj,Hazratganj,Lucknow,226001,1052,APARTMENT,4,2020,"Premium 4 BHK APARTMENT in Hazratganj, Lucknow. Built in 2020 with 1052 sq ft area."
50000093,10000105,100006,Q-333,Juhu,Bandra,Mumbai,400001,2327,FLAT,1,2021,"Premium 1 BHK FLAT in Bandra, Mumbai. Built in 2021 with 2327 sq ft area."
50000094,10000057,100004,R-346,Dadar,Andheri,Mumbai,400001,2598,APARTMENT,2,2022,"Premium 2 BHK APARTMENT in Andheri, Mumbai. Built in 2022 with 2598 sq ft area."
50000095,10000076,100006,S-359,Thatipur,City Center,Gwalior,474001,1310,APARTMENT,5,2023,"Premium 5 BHK APARTMENT in City Center, Gwalior. Built in 2023 with 1310 sq ft area."
50000096,10000097,100006,T-372,Rohini,Connaught Place,New Delhi,110001,858,FLAT,4,2017,"Premium 4 BHK FLAT in Connaught Place, New Delhi. Built in 2017 with 858 sq ft area."
50000097,10000027,100004,U-385,Hauz Khas,Connaught Place,New Delhi,110001,2837,FLAT,3,2023,"Premium 3 BHK FLAT in Connaught Place, New Delhi. Built in 2023 with 2837 sq ft area."
50000098,10000007,100006,V-398,Phool Bagh,City Center,Gwalior,474001,571,APARTMENT,6,2015,"Premium 6 BHK APARTMENT in City Center, Gwalior. Built in 2015 with 571 sq ft area."
50000099,10000040,100003,W-411,Powai,Andheri,Mumbai,400001,1427,FLAT,4,2017,"Premium 4 BHK FLAT in Andheri, Mumbai. Built in 2017 with 1427 sq ft area."
50000100,10000058,100006,X-424,Aminabad,Indira Nagar,Lucknow,226001,1236,FLAT,6,2023,"Premium 6 BHK FLAT in Indira Nagar, Lucknow. Built in 2023 with 1236 sq ft area."
50000101,10000101,100004,Y-437,Pinto Park,Morar,Gwalior,474001,2775,APARTMENT,2,2017,"Premium 2 BHK APARTMENT in Morar, Gwalior. Built in 2017 with 2775 sq ft area."
50000102,10000080,100005,Z-450,Saket,Connaught Place,New Delhi,110001,1306,APARTMENT,1,2014,"Premium 1 BHK APARTMENT in Connaught Place, New Delhi. Built in 2014 with 1306 sq ft area."
50000103,10000022,100003,A-463,Karol Bagh,Vasant Kunj,New Delhi,110001,1320,FLAT,5,2021,"Premium 5 BHK FLAT in Vasant Kunj, New Delhi. Built in 2021 with 1320 sq ft area."
50000104,10000146,100005,B-476,Saket,Dwarka,New Delhi,110001,1536,FLAT,3,2018,"Premium 3 BHK FLAT in Dwarka, New Delhi. Built in 2018 with 1536 sq ft area."
50000105,10000148,100003,C-489,Charbagh,Hazratganj,Lucknow,226001,2236,FLAT,1,2017,"Premium 1 BHK FLAT in Hazratganj, Lucknow. Built in 2017 with 2236 sq ft area."
50000106,10000109,100003,D-502,Maligaon,Laxmi Ganj,Guwahati,781001,1314,APARTMENT,6,2022,"Premium 6 BHK APARTMENT in Laxmi Ganj, Guwahati. Built in 2022 with 1314 sq ft area."
50000107,10000019,100004,E-515,Ganeshguri,Uzan Bazaar,Guwahati,781001,658,FLAT,1,2019,"Premium 1 BHK FLAT in Uzan Bazaar, Guwahati. Built in 2019 with 658 sq ft area."
50000108,10000092,100004,F-528,Worli,Andheri,Mumbai,400001,1276,FLAT,3,2020,"Premium 3 BHK FLAT in Andheri, Mumbai. Built in 2020 with 1276 sq ft area."
50000109,10000046,100006,G-541,Maligaon,Laxmi Ganj,Guwahati,781001,1162,FLAT,5,2018,"Premium 5 BHK FLAT in Laxmi Ganj, Guwahati. Built in 2018 with 1162 sq ft area."
50000110,10000122,100003,H-554,Pinto Park,Lashkar,Gwalior,474001,1062,FLAT,2,2014,"Premium 2 BHK FLAT in Lashkar, Gwalior. Built in 2014 with 1062 sq ft area."
50000111,10000033,100006,I-567,Beltola,Paltan Bazaar,Guwahati,781001,2953,FLAT,2,2018,"Premium 2 BHK FLAT in Paltan Bazaar, Guwahati. Built in 2018 with 2953 sq ft area."
50000112,10000015,100006,J-580,Phool Bagh,Morar,Gwalior,474001,1351,APARTMENT,2,2020,"Premium 2 BHK APARTMENT in Morar, Gwalior. Built in 2020 with 1351 sq ft area."
50000113,10000034,100006,K-593,Hauz Khas,Connaught Place,New Delhi,110001,2043,APARTMENT,2,2019,"Premium 2 BHK APARTMENT in Connaught Place, New Delhi. Built in 2019 with 2043 sq ft area."
50000114,10000028,100003,L-606,Aminabad,Indira Nagar,Lucknow,226001,594,FLAT,5,2017,"Premium 5 BHK FLAT in Indira Nagar, Lucknow. Built in 2017 with 594 sq ft area."
50000115,10000023,100003,M-619,Dispur,Paltan Bazaar,Guwahati,781001,1707,APARTMENT,5,2024,"Premium 5 BHK APARTMENT in Paltan Bazaar, Guwahati. Built in 2024 with 1707 sq ft area."
50000116,10000006,100004,N-632,Karol Bagh,Dwarka,New Delhi,110001,760,FLAT,3,2020,"Premium 3 BHK FLAT in Dwarka, New Delhi. Built in 2020 with 760 sq ft area."
50000117,10000005,100003,O-645,Dispur,Laxmi Ganj,Guwahati,781001,1135,FLAT,4,2024,"Premium 4 BHK FLAT in Laxmi Ganj, Guwahati. Built in 2024 with 1135 sq ft area."
50000118,10000052,100004,P-658,Dispur,Paltan Bazaar,Guwahati,781001,736,FLAT,1,2023,"Premium 1 BHK FLAT in Paltan Bazaar, Guwahati. Built in 2023 with 736 sq ft area."
50000119,10000035,100003,Q-671,Powai,Colaba,Mumbai,400001,2800,APARTMENT,2,2022,"Premium 2 BHK APARTMENT in Colaba, Mumbai. Built in 2022 with 2800 sq ft area."
50000120,10000004,100006,R-684,Aminabad,Indira Nagar,Lucknow,226001,2848,FLAT,4,2014,"Premium 4 BHK FLAT in Indira Nagar, Lucknow. Built in 2014 with 2848 sq ft area."
50000121,10000081,100006,S-697,Beltola,Paltan Bazaar,Guwahati,781001,1849,FLAT,1,2023,"Premium 1 BHK FLAT in Paltan Bazaar, Guwahati. Built in 2023 with 1849 sq ft area."
50000122,10000067,100002,T-710,Dadar,Andheri,Mumbai,400001,1757,FLAT,1,2024,"Premium 1 BHK FLAT in Andheri, Mumbai. Built in 2024 with 1757 sq ft area."
50000123,10000144,100006,U-723,Pinto Park,Lashkar,Gwalior,474001,1523,APARTMENT,5,2015,"Premium 5 BHK APARTMENT in Lashkar, Gwalior. Built in 2015 with 1523 sq ft area."
50000124,10000149,100004,V-736,Dispur,Laxmi Ganj,Guwahati,781001,623,FLAT,4,2016,"Premium 4 BHK FLAT in Laxmi Ganj, Guwahati. Built in 2016 with 623 sq ft area."
50000125,10000145,100005,W-749,Rohini,Connaught Place,New Delhi,110001,960,APARTMENT,2,2021,"Premium 2 BHK APARTMENT in Connaught Place, New Delhi. Built in 2021 with 960 sq ft area."
50000126,10000132,100002,X-762,Saket,Dwarka,New Delhi,110001,607,APARTMENT,3,2022,"Premium 3 BHK APARTMENT in Dwarka, New Delhi. Built in 2022 with 607 sq ft area."
50000127,10000042,100005,Y-775,Maligaon,Paltan Bazaar,Guwahati,781001,1173,FLAT,2,2016,"Premium 2 BHK FLAT in Paltan Bazaar, Guwahati. Built in 2016 with 1173 sq ft area."
50000128,10000124,100004,Z-788,Beltola,Uzan Bazaar,Guwahati,781001,1730,APARTMENT,4,2018,"Premium 4 BHK APARTMENT in Uzan Bazaar, Guwahati. Built in 2018 with 1730 sq ft area."
50000129,10000032,100006,A-801,Saket,Vasant Kunj,New Delhi,110001,1326,FLAT,2,2019,"Premium 2 BHK FLAT in Vasant Kunj, New Delhi. Built in 2019 with 1326 sq ft area."
50000130,10000107,100004,B-814,Bada,Lashkar,Gwalior,474001,1179,FLAT,6,2018,"Premium 6 BHK FLAT in Lashkar, Gwalior. Built in 2018 with 1179 sq ft area."
50000131,10000037,100002,C-827,Pinto Park,City Center,Gwalior,474001,797,APARTMENT,6,2017,"Premium 6 BHK APARTMENT in City Center, Gwalior. Built in 2017 with 797 sq ft area."
50000132,10000143,100002,D-840,Malad,Bandra,Mumbai,400001,2428,APARTMENT,3,2018,"Premium 3 BHK APARTMENT in Bandra, Mumbai. Built in 2018 with 2428 sq ft area."
50000133,10000119,100006,E-853,Malad,Colaba,Mumbai,400001,1330,FLAT,2,2019,"Premium 2 BHK FLAT in Colaba, Mumbai. Built in 2019 with 1330 sq ft area."
50000134,10000030,100005,F-866,Worli,Bandra,Mumbai,400001,2039,APARTMENT,4,2019,"Premium 4 BHK APARTMENT in Bandra, Mumbai. Built in 2019 with 2039 sq ft area."
50000135,10000037,100002,G-879,Karol Bagh,Dwarka,New Delhi,110001,2661,APARTMENT,1,2018,"Premium 1 BHK APARTMENT in Dwarka, New Delhi. Built in 2018 with 2661 sq ft area."
50000136,10000147,100004,H-892,Ganeshguri,Laxmi Ganj,Guwahati,781001,1779,APARTMENT,3,2024,"Premium 3 BHK APARTMENT in Laxmi Ganj, Guwahati. Built in 2024 with 1779 sq ft area."
50000137,10000038,100006,I-905,Thatipur,Morar,Gwalior,474001,1298,APARTMENT,2,2017,"Premium 2 BHK APARTMENT in Morar, Gwalior. Built in 2017 with 1298 sq ft area."
50000138,10000054,100002,J-19,Thatipur,Lashkar,Gwalior,474001,2715,APARTMENT,5,2018,"Premium 5 BHK APARTMENT in Lashkar, Gwalior. Built in 2018 with 2715 sq ft area."
50000139,10000023,100004,K-32,Mahanagar,Hazratganj,Lucknow,226001,2794,APARTMENT,2,2016,"Premium 2 BHK APARTMENT in Hazratganj, Lucknow. Built in 2016 with 2794 sq ft area."
50000140,10000017,100004,L-45,Powai,Andheri,Mumbai,400001,1812,FLAT,6,2025,"Premium 6 BHK FLAT in Andheri, Mumbai. Built in 2025 with 1812 sq ft area."
50000141,10000107,100005,M-58,Saket,Dwarka,New Delhi,110001,751,APARTMENT,4,2020,"Premium 4 BHK APARTMENT in Dwarka, New Delhi. Built in 2020 with 751 sq ft area."
50000142,10000047,100005,N-71,Dadar,Andheri,Mumbai,400001,2900,FLAT,1,2015,"Premium 1 BHK FLAT in Andheri, Mumbai. Built in 2015 with 2900 sq ft area."
50000143,10000144,100002,O-84,Bada,City Center,Gwalior,474001,2918,APARTMENT,4,2025,"Premium 4 BHK APARTMENT in City Center, Gwalior. Built in 2025 with 2918 sq ft area."
50000144,10000147,100002,P-97,Rohini,Connaught Place,New Delhi,110001,1994,FLAT,3,2024,"Premium 3 BHK FLAT in Connaught Place, New Delhi. Built in 2024 with 1994 sq ft area."
50000145,10000001,100002,Q-110,Dispur,Paltan Bazaar,Guwahati,781001,2379,APARTMENT,1,2021,"Premium 1 BHK APARTMENT in Paltan Bazaar, Guwahati. Built in 2021 with 2379 sq ft area."
50000146,10000093,100005,R-123,Fancy Bazaar,Paltan Bazaar,Guwahati,781001,1335,APARTMENT,1,2024,"Premium 1 BHK APARTMENT in Paltan Bazaar, Guwahati. Built in 2024 with 1335 sq ft area."
50000147,10000141,100005,S-136,Rohini,Connaught Place,New Delhi,110001,1916,APARTMENT,5,2019,"Premium 5 BHK APARTMENT in Connaught Place, New Delhi. Built in 2019 with 1916 sq ft area."
50000148,10000066,100003,T-149,Karol Bagh,Vasant Kunj,New Delhi,110001,1765,FLAT,6,2020,"Premium 6 BHK FLAT in Vasant Kunj, New Delhi. Built in 2020 with 1765 sq ft area."
50000149,10000025,100005,U-162,Dispur,Laxmi Ganj,Guwahati,781001,1766,APARTMENT,1,2019,"Premium 1 BHK APARTMENT in Laxmi Ganj, Guwahati. Built in 2019 with 1766 sq ft area."
50000150,10000010,100002,V-175,Fancy Bazaar,Uzan Bazaar,Guwahati,781001,2697,APARTMENT,6,2015,"Premium 6 BHK APARTMENT in Uzan Bazaar, Guwahati. Built in 2015 with 2697 sq ft area."
50000151,10000148,100004,W-188,Dispur,Uzan Bazaar,Guwahati,781001,1967,FLAT,2,2023,"Premium 2 BHK FLAT in Uzan Bazaar, Guwahati. Built in 2023 with 1967 sq ft area."
50000152,10000043,100003,X-201,Worli,Andheri,Mumbai,400001,695,FLAT,3,2021,"Premium 3 BHK FLAT in Andheri, Mumbai. Built in 2021 with 695 sq ft area."
50000153,10000124,100003,Y-214,Phool Bagh,City Center,Gwalior,474001,997,APARTMENT,5,2017,"Premium 5 BHK APARTMENT in City Center, Gwalior. Built in 2017 with 997 sq ft area."
50000154,10000040,100006,Z-227,Rohini,Connaught Place,New Delhi,110001,1514,FLAT,6,2015,"Premium 6 BHK FLAT in Connaught Place, New Delhi. Built in 2015 with 1514 sq ft area."
50000155,10000105,100006,A-240,Phool Bagh,Lashkar,Gwalior,474001,1347,FLAT,2,2020,"Premium 2 BHK FLAT in Lashkar, Gwalior. Built in 2020 with 1347 sq ft area."
50000156,10000017,100005,B-253,Mahanagar,Gomti Nagar,Lucknow,226001,2025,FLAT,5,2019,"Premium 5 BHK FLAT in Gomti Nagar, Lucknow. Built in 2019 with 2025 sq ft area."
50000157,10000139,100006,C-266,Aminabad,Gomti Nagar,Lucknow,226001,1886,APARTMENT,1,2014,"Premium 1 BHK APARTMENT in Gomti Nagar, Lucknow. Built in 2014 with 1886 sq ft area."
50000158,10000125,100006,D-279,Charbagh,Indira Nagar,Lucknow,226001,1980,FLAT,1,2020,"Premium 1 BHK FLAT in Indira Nagar, Lucknow. Built in 2020 with 1980 sq ft area."
50000159,10000087,100006,E-292,Rohini,Vasant Kunj,New Delhi,110001,2424,APARTMENT,5,2024,"Premium 5 BHK APARTMENT in Vasant Kunj, New Delhi. Built in 2024 with 2424 sq ft area."
50000160,10000017,100002,F-305,Saket,Connaught Place,New Delhi,110001,1957,FLAT,2,2021,"Premium 2 BHK FLAT in Connaught Place, New Delhi. Built in 2021 with 1957 sq ft area."
50000161,10000143,100004,G-318,Saket,Dwarka,New Delhi,110001,744,FLAT,1,2017,"Premium 1 BHK FLAT in Dwarka, New Delhi. Built in 2017 with 744 sq ft area."
50000162,10000130,100003,H-331,Ganeshguri,Uzan Bazaar,Guwahati,781001,1471,FLAT,2,2020,"Premium 2 BHK FLAT in Uzan Bazaar, Guwahati. Built in 2020 with 1471 sq ft area."
50000163,10000122,100005,I-344,Hauz Khas,Dwarka,New Delhi,110001,2239,APARTMENT,3,2022,"Premium 3 BHK APARTMENT in Dwarka, New Delhi. Built in 2022 with 2239 sq ft area."
50000164,10000059,100006,J-357,Dabra,Morar,Gwalior,474001,1534,APARTMENT,4,2016,"Premium 4 BHK APARTMENT in Morar, Gwalior. Built in 2016 with 1534 sq ft area."
50000165,10000123,100002,K-370,Malad,Andheri,Mumbai,400001,1244,FLAT,6,2023,"Premium 6 BHK FLAT in Andheri, Mumbai. Built in 2023 with 1244 sq ft area."
50000166,10000095,100002,L-383,Aminabad,Gomti Nagar,Lucknow,226001,1252,APARTMENT,1,2021,"Premium 1 BHK APARTMENT in Gomti Nagar, Lucknow. Built in 2021 with 1252 sq ft area."
50000167,10000072,100006,M-396,Thatipur,Morar,Gwalior,474001,1670,FLAT,4,2025,"Premium 4 BHK FLAT in Morar, Gwalior. Built in 2025 with 1670 sq ft area."
50000168,10000038,100005,N-409,Maligaon,Laxmi Ganj,Guwahati,781001,2840,FLAT,3,2017,"Premium 3 BHK FLAT in Laxmi Ganj, Guwahati. Built in 2017 with 2840 sq ft area."
50000169,10000094,100002,O-422,Fancy Bazaar,Paltan Bazaar,Guwahati,781001,2609,FLAT,1,2019,"Premium 1 BHK FLAT in Paltan Bazaar, Guwahati. Built in 2019 with 2609 sq ft area."
50000170,10000001,100005,P-435,Dadar,Bandra,Mumbai,400001,2560,FLAT,6,2015,"Premium 6 BHK FLAT in Bandra, Mumbai. Built in 2015 with 2560 sq ft area."
50000171,10000091,100004,Q-448,Juhu,Bandra,Mumbai,400001,2536,FLAT,5,2022,"Premium 5 BHK FLAT in Bandra, Mumbai. Built in 2022 with 2536 sq ft area."
50000172,10000145,100002,R-461,Karol Bagh,Connaught Place,New Delhi,110001,1487,APARTMENT,6,2014,"Premium 6 BHK APARTMENT in Connaught Place, New Delhi. Built in 2014 with 1487 sq ft area."
50000173,10000051,100006,S-474,Beltola,Paltan Bazaar,Guwahati,781001,2083,FLAT,3,2015,"Premium 3 BHK FLAT in Paltan Bazaar, Guwahati. Built in 2015 with 2083 sq ft area."
50000174,10000005,100003,T-487,Pinto Park,Lashkar,Gwalior,474001,2684,FLAT,2,2023,"Premium 2 BHK FLAT in Lashkar, Gwalior. Built in 2023 with 2684 sq ft area."
50000175,10000148,100005,U-500,Dadar,Bandra,Mumbai,400001,2639,FLAT,5,2014,"Premium 5 BHK FLAT in Bandra, Mumbai. Built in 2014 with 2639 sq ft area."
50000176,10000119,100004,V-513,Dadar,Bandra,Mumbai,400001,556,APARTMENT,6,2014,"Premium 6 BHK APARTMENT in Bandra, Mumbai. Built in 2014 with 556 sq ft area."
50000177,10000143,100004,W-526,Charbagh,Hazratganj,Lucknow,226001,784,APARTMENT,4,2021,"Premium 4 BHK APARTMENT in Hazratganj, Lucknow. Built in 2021 with 784 sq ft area."
50000178,10000010,100003,X-539,Mahanagar,Hazratganj,Lucknow,226001,1186,FLAT,4,2015,"Premium 4 BHK FLAT in Hazratganj, Lucknow. Built in 2015 with 1186 sq ft area."
50000179,10000080,100002,Y-552,Aminabad,Hazratganj,Lucknow,226001,1667,APARTMENT,3,2018,"Premium 3 BHK APARTMENT in Hazratganj, Lucknow. Built in 2018 with 1667 sq ft area."
50000180,10000032,100003,Z-565,Fancy Bazaar,Laxmi Ganj,Guwahati,781001,2163,APARTMENT,3,2016,"Premium 3 BHK APARTMENT in Laxmi Ganj, Guwahati. Built in 2016 with 2163 sq ft area."
50000181,10000064,100006,A-578,Powai,Bandra,Mumbai,400001,842,FLAT,6,2022,"Premium 6 BHK FLAT in Bandra, Mumbai. Built in 2022 with 842 sq ft area."
50000182,10000085,100003,B-591,Charbagh,Gomti Nagar,Lucknow,226001,1107,FLAT,3,2020,"Premium 3 BHK FLAT in Gomti Nagar, Lucknow. Built in 2020 with 1107 sq ft area."
50000183,10000037,100002,C-604,Phool Bagh,City Center,Gwalior,474001,999,FLAT,6,2021,"Premium 6 BHK FLAT in City Center, Gwalior. Built in 2021 with 999 sq ft area."
50000184,10000095,100003,D-617,Thatipur,City Center,Gwalior,474001,1785,FLAT,5,2021,"Premium 5 BHK FLAT in City Center, Gwalior. Built in 2021 with 1785 sq ft area."
50000185,10000149,100002,E-630,Rohini,Connaught Place,New Delhi,110001,1377,APARTMENT,6,2023,"Premium 6 BHK APARTMENT in Connaught Place, New Delhi. Built in 2023 with 1377 sq ft area."
50000186,10000101,100004,F-643,Maligaon,Uzan Bazaar,Guwahati,781001,1276,APARTMENT,4,2016,"Premium 4 BHK APARTMENT in Uzan Bazaar, Guwahati. Built in 2016 with 1276 sq ft area."
50000187,10000025,100003,G-656,Thatipur,Lashkar,Gwalior,474001,2951,FLAT,2,2022,"Premium 2 BHK FLAT in Lashkar, Gwalior. Built in 2022 with 2951 sq ft area."
50000188,10000143,100002,H-669,Karol Bagh,Vasant Kunj,New Delhi,110001,2317,APARTMENT,3,2018,"Premium 3 BHK APARTMENT in Vasant Kunj, New Delhi. Built in 2018 with 2317 sq ft area."
50000189,10000099,100004,I-682,Rajouri Garden,Vasant Kunj,New Delhi,110001,1714,APARTMENT,3,2016,"Premium 3 BHK APARTMENT in Vasant Kunj, New Delhi. Built in 2016 with 1714 sq ft area."
50000190,10000072,100002,J-695,Hauz Khas,Vasant Kunj,New Delhi,110001,1373,APARTMENT,2,2015,"Premium 2 BHK APARTMENT in Vasant Kunj, New Delhi. Built in 2015 with 1373 sq ft area."
50000191,10000001,100006,K-708,Charbagh,Gomti Nagar,Lucknow,226001,2140,FLAT,5,2017,"Premium 5 BHK FLAT in Gomti Nagar, Lucknow. Built in 2017 with 2140 sq ft area."
50000192,10000038,100005,L-721,Charbagh,Indira Nagar,Lucknow,226001,2006,APARTMENT,4,2023,"Premium 4 BHK APARTMENT in Indira Nagar, Lucknow. Built in 2023 with 2006 sq ft area."
50000193,10000059,100002,M-734,Bada,Morar,Gwalior,474001,1933,APARTMENT,1,2018,"Premium 1 BHK APARTMENT in Morar, Gwalior. Built in 2018 with 1933 sq ft area."
50000194,10000006,100005,N-747,Vikas Nagar,Hazratganj,Lucknow,226001,933,APARTMENT,5,2020,"Premium 5 BHK APARTMENT in Hazratganj, Lucknow. Built in 2020 with 933 sq ft area."
50000195,10000084,100003,O-760,Maligaon,Paltan Bazaar,Guwahati,781001,1167,APARTMENT,5,2023,"Premium 5 BHK APARTMENT in Paltan Bazaar, Guwahati. Built in 2023 with 1167 sq ft area."
50000196,10000075,100002,P-773,Rohini,Dwarka,New Delhi,110001,582,FLAT,1,2022,"Premium 1 BHK FLAT in Dwarka, New Delhi. Built in 2022 with 582 sq ft area."
50000197,10000082,100003,Q-786,Beltola,Laxmi Ganj,Guwahati,781001,1168,APARTMENT,1,2025,"Premium 1 BHK APARTMENT in Laxmi Ganj, Guwahati. Built in 2025 with 1168 sq ft area."
50000198,10000147,100003,R-799,Karol Bagh,Vasant Kunj,New Delhi,110001,2255,FLAT,3,2019,"Premium 3 BHK FLAT in Vasant Kunj, New Delhi. Built in 2019 with 2255 sq ft area."
50000199,10000134,100002,S-812,Ganeshguri,Laxmi Ganj,Guwahati,781001,1990,APARTMENT,6,2020,"Premium 6 BHK APARTMENT in Laxmi Ganj, Guwahati. Built in 2020 with 1990 sq ft area."
50000200,10000112,100004,T-825,Bada,City Center,Gwalior,474001,847,APARTMENT,1,2024,"Premium 1 BHK APARTMENT in City Center, Gwalior. Built in 2024 with 847 sq ft area."