id,Name,Phone,ProfileURL,RegDate,Area,City,Pin,UserType
100001,Administrator,8822630564,https://randomuser.me/api/portraits/men/1.jpg,2014-01-01,Koramangala,Bengaluru,748569,ADMIN
100002,Delhi Office,8822635623,https://randomuser.me/api/portraits/women/44.jpg,2014-01-01,Lajpat Nagar,New Delhi,110006,OFFICE
100003,Mumbai Office,8856457895,https://randomuser.me/api/portraits/women/26.jpg,2014-01-10,Goregaon,Mumbai,400059,OFFICE
100004,Lucknow,9562589463,https://randomuser.me/api/portraits/women/39.jpg,2014-01-15,Gomti Nagar,Lucknow,226032,OFFICE
100005,Gwalior,7985468952,https://randomuser.me/api/portraits/women/43.jpg,2014-02-01,DD Nagar,Gwalior,474020,OFFICE
100006,Guwahati,9856853542,https://randomuser.me/api/portraits/women/75.jpg,2014-10-26,Kamrup,Guwahati,478115,OFFICE
10000001,Aditya Sharma,9812345601,https://randomuser.me/api/portraits/men/24.jpg,2015-05-31,Connaught Place,New Delhi,110001,USER
10000002,Krishna Rastogi,9812345602,https://randomuser.me/api/portraits/men/71.jpg,2017-03-19,Connaught Place,New Delhi,110001,USER
10000003,Kiran Saxena,9812345603,https://randomuser.me/api/portraits/women/96.jpg,2019-07-25,Laxmi Ganj,Guwahati,781005,AGENT
10000004,Nikhil Das,9812345604,https://randomuser.me/api/portraits/men/97.jpg,2019-06-10,Connaught Place,New Delhi,110001,USER
10000005,Nitya Dutta,9812345605,https://randomuser.me/api/portraits/women/71.jpg,2024-12-04,Andheri,Mumbai,400053,USER
10000006,Shiv Dubey,9812345606,https://randomuser.me/api/portraits/men/4.jpg,2021-09-28,Andheri,Mumbai,400053,USER
10000007,Anushka Bhargava,9812345607,https://randomuser.me/api/portraits/women/45.jpg,2015-07-02,Lashkar,Gwalior,474001,USER
10000008,Nandini Patel,9812345608,https://randomuser.me/api/portraits/women/8.jpg,2023-05-06,Gomti Nagar,Lucknow,226010,AGENT
10000009,Akhil Das,9812345609,https://randomuser.me/api/portraits/men/56.jpg,2021-02-12,Andheri,Mumbai,400053,AGENT
10000010,Deepa Shetty,9812345610,https://randomuser.me/api/portraits/women/59.jpg,2016-08-29,Connaught Place,New Delhi,110001,USER
10000011,Sai Rastogi,9812345611,https://randomuser.me/api/portraits/men/58.jpg,2015-11-17,Lashkar,Gwalior,474001,AGENT
10000012,Kiran Singh,9812345612,https://randomuser.me/api/portraits/women/22.jpg,2023-12-22,Andheri,Mumbai,400053,USER
10000013,Ravi Lal,9812345613,https://randomuser.me/api/portraits/men/23.jpg,2016-02-24,Lashkar,Gwalior,474001,USER
10000014,Arjun Lal,9812345614,https://randomuser.me/api/portraits/men/31.jpg,2024-07-19,Lashkar,Gwalior,474001,USER
10000015,Kartik Das,9812345615,https://randomuser.me/api/portraits/men/92.jpg,2014-10-04,Connaught Place,New Delhi,110001,USER
10000016,Ishita Kapoor,9812345616,https://randomuser.me/api/portraits/women/71.jpg,2024-10-31,Laxmi Ganj,Guwahati,781005,AGENT
10000017,Rahul Kulkarni,9812345617,https://randomuser.me/api/portraits/men/69.jpg,2023-02-26,Gomti Nagar,Lucknow,226010,USER
10000018,Vihaan Dubey,9812345618,https://randomuser.me/api/portraits/men/60.jpg,2014-06-10,Lashkar,Gwalior,474001,USER
10000019,Rhea Reddy,9812345619,https://randomuser.me/api/portraits/women/24.jpg,2022-01-28,Gomti Nagar,Lucknow,226010,USER
10000020,Sai Reddy,9812345620,https://randomuser.me/api/portraits/men/56.jpg,2018-12-26,Andheri,Mumbai,400053,USER
10000021,Kiran Bhargava,9812345621,https://randomuser.me/api/portraits/women/48.jpg,2015-08-08,Lashkar,Gwalior,474001,USER
10000022,Krishna Lal,9812345622,https://randomuser.me/api/portraits/men/79.jpg,2025-11-23,Lashkar,Gwalior,474001,USER
10000023,Tanvi Yadav,9812345623,https://randomuser.me/api/portraits/women/37.jpg,2016-01-11,Laxmi Ganj,Guwahati,781005,USER
10000024,Priya Patel,9812345624,https://randomuser.me/api/portraits/women/55.jpg,2024-06-28,Laxmi Ganj,Guwahati,781005,USER
10000025,Lata Reddy,9812345625,https://randomuser.me/api/portraits/women/79.jpg,2020-01-05,Connaught Place,New Delhi,110001,USER
10000026,Aanya Roy,9812345626,https://randomuser.me/api/portraits/women/87.jpg,2022-05-09,Laxmi Ganj,Guwahati,781005,AGENT
10000027,Ravi Venkatesh,9812345627,https://randomuser.me/api/portraits/men/73.jpg,2017-11-10,Laxmi Ganj,Guwahati,781005,USER
10000028,Arjun Mehta,9812345628,https://randomuser.me/api/portraits/men/90.jpg,2022-07-01,Lashkar,Gwalior,474001,USER
10000029,Krishna Agarwal,9812345629,https://randomuser.me/api/portraits/men/29.jpg,2020-05-07,Gomti Nagar,Lucknow,226010,USER
10000030,Priya Roy,9812345630,https://randomuser.me/api/portraits/women/18.jpg,2018-07-19,Lashkar,Gwalior,474001,USER
10000031,Kavya Mehta,9812345631,https://randomuser.me/api/portraits/women/95.jpg,2022-06-11,Laxmi Ganj,Guwahati,781005,USER
10000032,Diya Mishra,9812345632,https://randomuser.me/api/portraits/women/24.jpg,2016-11-05,Andheri,Mumbai,400053,USER
10000033,Krishna Bhat,9812345633,https://randomuser.me/api/portraits/men/83.jpg,2025-07-23,Lashkar,Gwalior,474001,USER
10000034,Aditi Venkatesh,9812345634,https://randomuser.me/api/portraits/women/49.jpg,2014-10-18,Connaught Place,New Delhi,110001,USER
10000035,Tanvi Pathak,9812345635,https://randomuser.me/api/portraits/women/83.jpg,2016-09-26,Andheri,Mumbai,400053,USER
10000036,Jyoti Bajaj,9812345636,https://randomuser.me/api/portraits/women/92.jpg,2017-04-08,Gomti Nagar,Lucknow,226010,USER
10000037,Pooja Mehta,9812345637,https://randomuser.me/api/portraits/women/98.jpg,2018-12-18,Andheri,Mumbai,400053,USER
10000038,Aditya Reddy,9812345638,https://randomuser.me/api/portraits/men/56.jpg,2016-02-06,Gomti Nagar,Lucknow,226010,USER
10000039,Tanvi Purohit,9812345639,https://randomuser.me/api/portraits/women/52.jpg,2020-11-28,Gomti Nagar,Lucknow,226010,USER
10000040,Aditi Purohit,9812345640,https://randomuser.me/api/portraits/women/8.jpg,2014-02-04,Lashkar,Gwalior,474001,USER
10000041,Harsh Saxena,9812345641,https://randomuser.me/api/portraits/men/24.jpg,2017-04-03,Connaught Place,New Delhi,110001,USER
10000042,Vivaan Purohit,9812345642,https://randomuser.me/api/portraits/men/70.jpg,2023-09-15,Connaught Place,New Delhi,110001,USER
10000043,Meera Gupta,9812345643,https://randomuser.me/api/portraits/women/81.jpg,2025-03-28,Laxmi Ganj,Guwahati,781005,USER
10000044,Pooja Kaushik,9812345644,https://randomuser.me/api/portraits/women/55.jpg,2025-03-09,Andheri,Mumbai,400053,AGENT
10000045,Sunita Joshi,9812345645,https://randomuser.me/api/portraits/women/19.jpg,2017-08-31,Laxmi Ganj,Guwahati,781005,USER
10000046,Ananya Iyer,9812345646,https://randomuser.me/api/portraits/women/66.jpg,2017-09-06,Gomti Nagar,Lucknow,226010,USER
10000047,Siddharth Yadav,9812345647,https://randomuser.me/api/portraits/men/82.jpg,2014-05-16,Andheri,Mumbai,400053,USER
10000048,Aditi Dubey,9812345648,https://randomuser.me/api/portraits/women/7.jpg,2019-07-27,Gomti Nagar,Lucknow,226010,USER
10000049,Anil Naik,9812345649,https://randomuser.me/api/portraits/men/58.jpg,2016-09-16,Laxmi Ganj,Guwahati,781005,AGENT
10000050,Aditi Chatterjee,9812345650,https://randomuser.me/api/portraits/women/88.jpg,2024-07-22,Connaught Place,New Delhi,110001,USER
10000051,Manish Jain,8168078235,https://randomuser.me/api/portraits/men/89.jpg,2020-08-18,Laxmi Ganj,Guwahati,781005,USER
10000052,Sanjay Jain,8482928980,https://randomuser.me/api/portraits/men/32.jpg,2024-09-25,Andheri,Mumbai,400053,USER
10000053,Rajesh Jain,8771892548,https://randomuser.me/api/portraits/men/82.jpg,2018-08-04,Gomti Nagar,Lucknow,226010,USER
10000054,Sunil Jain,6486050109,https://randomuser.me/api/portraits/men/79.jpg,2024-08-25,Andheri,Mumbai,400053,USER
10000055,Mukesh Jain,9427307488,https://randomuser.me/api/portraits/men/61.jpg,2014-03-23,Gomti Nagar,Lucknow,226010,USER
10000056,Kavita Jain,9812380409,https://randomuser.me/api/portraits/women/89.jpg,2014-01-11,Andheri,Mumbai,400053,AGENT
10000057,Savita Jain,7607777784,https://randomuser.me/api/portraits/women/98.jpg,2023-10-19,Gomti Nagar,Lucknow,226010,USER
10000058,Rekha Jain,8730276696,https://randomuser.me/api/portraits/women/71.jpg,2019-01-16,Connaught Place,New Delhi,110001,USER
10000059,Geeta Jain,6482758707,https://randomuser.me/api/portraits/women/63.jpg,2020-02-16,Andheri,Mumbai,400053,USER
10000060,Neeta Jain,7852778885,https://randomuser.me/api/portraits/women/62.jpg,2018-11-15,Gomti Nagar,Lucknow,226010,USER
10000061,Manish Shah,9411174682,https://randomuser.me/api/portraits/men/39.jpg,2014-11-14,Gomti Nagar,Lucknow,226010,AGENT
10000062,Sanjay Shah,6411517052,https://randomuser.me/api/portraits/men/43.jpg,2018-05-25,Andheri,Mumbai,400053,USER
10000063,Rajesh Shah,7770668075,https://randomuser.me/api/portraits/men/99.jpg,2025-04-21,Connaught Place,New Delhi,110001,USER
10000064,Sunil Shah,7259224955,https://randomuser.me/api/portraits/men/7.jpg,2017-09-18,Andheri,Mumbai,400053,USER
10000065,Mukesh Shah,6398229251,https://randomuser.me/api/portraits/men/11.jpg,2020-08-20,Gomti Nagar,Lucknow,226010,USER
10000066,Kavita Shah,7078556322,https://randomuser.me/api/portraits/women/86.jpg,2015-01-04,Lashkar,Gwalior,474001,USER
10000067,Savita Shah,9703164132,https://randomuser.me/api/portraits/women/76.jpg,2017-07-22,Gomti Nagar,Lucknow,226010,USER
10000068,Rekha Shah,7244947561,https://randomuser.me/api/portraits/women/68.jpg,2023-09-12,Connaught Place,New Delhi,110001,USER
10000069,Geeta Shah,6688601953,https://randomuser.me/api/portraits/women/13.jpg,2022-04-04,Laxmi Ganj,Guwahati,781005,AGENT
10000070,Neeta Shah,6825038302,https://randomuser.me/api/portraits/women/43.jpg,2015-05-04,Gomti Nagar,Lucknow,226010,USER
10000071,Manish Desai,9108667896,https://randomuser.me/api/portraits/men/42.jpg,2022-12-27,Gomti Nagar,Lucknow,226010,USER
10000072,Sanjay Desai,6996679682,https://randomuser.me/api/portraits/men/19.jpg,2017-12-12,Connaught Place,New Delhi,110001,USER
10000073,Rajesh Desai,8033321435,https://randomuser.me/api/portraits/men/70.jpg,2024-07-29,Gomti Nagar,Lucknow,226010,AGENT
10000074,Sunil Desai,6771364846,https://randomuser.me/api/portraits/men/20.jpg,2015-04-21,Gomti Nagar,Lucknow,226010,USER
10000075,Mukesh Desai,9242471172,https://randomuser.me/api/portraits/men/13.jpg,2022-06-24,Laxmi Ganj,Guwahati,781005,USER
10000076,Kavita Desai,7617031931,https://randomuser.me/api/portraits/women/79.jpg,2015-03-16,Connaught Place,New Delhi,110001,USER
10000077,Savita Desai,7988611874,https://randomuser.me/api/portraits/women/60.jpg,2014-01-25,Laxmi Ganj,Guwahati,781005,AGENT
10000078,Rekha Desai,6063154143,https://randomuser.me/api/portraits/women/40.jpg,2018-03-29,Connaught Place,New Delhi,110001,AGENT
10000079,Geeta Desai,6428651857,https://randomuser.me/api/portraits/women/23.jpg,2020-11-07,Lashkar,Gwalior,474001,USER
10000080,Neeta Desai,8577870197,https://randomuser.me/api/portraits/women/93.jpg,2023-03-05,Gomti Nagar,Lucknow,226010,USER
10000081,Manish Parekh,9919114765,https://randomuser.me/api/portraits/men/20.jpg,2016-07-05,Connaught Place,New Delhi,110001,USER
10000082,Sanjay Parekh,8208158088,https://randomuser.me/api/portraits/men/14.jpg,2022-02-04,Connaught Place,New Delhi,110001,USER
10000083,Rajesh Parekh,7695263305,https://randomuser.me/api/portraits/men/54.jpg,2019-10-11,Gomti Nagar,Lucknow,226010,AGENT
10000084,Sunil Parekh,9250740166,https://randomuser.me/api/portraits/men/19.jpg,2018-08-02,Andheri,Mumbai,400053,USER
10000085,Mukesh Parekh,7327210611,https://randomuser.me/api/portraits/men/94.jpg,2025-02-26,Laxmi Ganj,Guwahati,781005,USER
10000086,Kavita Parekh,6468069860,https://randomuser.me/api/portraits/women/76.jpg,2021-12-16,Connaught Place,New Delhi,110001,AGENT
10000087,Savita Parekh,9690518634,https://randomuser.me/api/portraits/women/69.jpg,2018-05-19,Connaught Place,New Delhi,110001,USER
10000088,Rekha Parekh,8287406954,https://randomuser.me/api/portraits/women/36.jpg,2015-04-27,Lashkar,Gwalior,474001,AGENT
10000089,Geeta Parekh,6743425151,https://randomuser.me/api/portraits/women/86.jpg,2017-09-05,Lashkar,Gwalior,474001,USER
10000090,Neeta Parekh,6541182462,https://randomuser.me/api/portraits/women/90.jpg,2018-04-24,Connaught Place,New Delhi,110001,USER
10000091,Manish Dalal,9718470177,https://randomuser.me/api/portraits/men/83.jpg,2018-08-14,Laxmi Ganj,Guwahati,781005,USER
10000092,Sanjay Dalal,9455615596,https://randomuser.me/api/portraits/men/54.jpg,2023-05-05,Connaught Place,New Delhi,110001,USER
10000093,Rajesh Dalal,9776186736,https://randomuser.me/api/portraits/men/60.jpg,2021-08-13,Andheri,Mumbai,400053,USER
10000094,Sunil Dalal,8916392369,https://randomuser.me/api/portraits/men/45.jpg,2018-09-23,Laxmi Ganj,Guwahati,781005,USER
10000095,Mukesh Dalal,8908466305,https://randomuser.me/api/portraits/men/89.jpg,2017-03-27,Andheri,Mumbai,400053,USER
10000096,Kavita Dalal,7992203525,https://randomuser.me/api/portraits/women/54.jpg,2019-04-11,Gomti Nagar,Lucknow,226010,USER
10000097,Savita Dalal,9907483457,https://randomuser.me/api/portraits/women/37.jpg,2015-03-30,Lashkar,Gwalior,474001,USER
10000098,Rekha Dalal,9048571926,https://randomuser.me/api/portraits/women/69.jpg,2022-10-16,Gomti Nagar,Lucknow,226010,USER
10000099,Geeta Dalal,9333449916,https://randomuser.me/api/portraits/women/49.jpg,2014-11-17,Connaught Place,New Delhi,110001,USER
10000100,Neeta Dalal,6617731491,https://randomuser.me/api/portraits/women/98.jpg,2022-08-16,Connaught Place,New Delhi,110001,USER
10000101,Manish Mistry,9234247874,https://randomuser.me/api/portraits/men/55.jpg,2024-01-12,Lashkar,Gwalior,474001,USER
10000102,Sanjay Mistry,8899867473,https://randomuser.me/api/portraits/men/23.jpg,2023-01-25,Lashkar,Gwalior,474001,AGENT
10000103,Rajesh Mistry,9317942250,https://randomuser.me/api/portraits/men/97.jpg,2021-07-16,Lashkar,Gwalior,474001,AGENT
10000104,Sunil Mistry,7063828896,https://randomuser.me/api/portraits/men/66.jpg,2019-06-07,Connaught Place,New Delhi,110001,USER
10000105,Mukesh Mistry,8593581333,https://randomuser.me/api/portraits/men/95.jpg,2015-11-05,Gomti Nagar,Lucknow,226010,USER
10000106,Kavita Mistry,8411008123,https://randomuser.me/api/portraits/women/82.jpg,2018-10-04,Gomti Nagar,Lucknow,226010,AGENT
10000107,Savita Mistry,8227338621,https://randomuser.me/api/portraits/women/42.jpg,2017-11-30,Laxmi Ganj,Guwahati,781005,USER
10000108,Rekha Mistry,9296481099,https://randomuser.me/api/portraits/women/19.jpg,2022-02-26,Lashkar,Gwalior,474001,USER
10000109,Geeta Mistry,7373207360,https://randomuser.me/api/portraits/women/15.jpg,2014-11-29,Gomti Nagar,Lucknow,226010,USER
10000110,Neeta Mistry,8111245510,https://randomuser.me/api/portraits/women/27.jpg,2019-06-24,Lashkar,Gwalior,474001,AGENT
10000111,Manish Trivedi,7705923481,https://randomuser.me/api/portraits/men/50.jpg,2024-08-30,Gomti Nagar,Lucknow,226010,USER
10000112,Sanjay Trivedi,6575517211,https://randomuser.me/api/portraits/men/6.jpg,2020-01-19,Andheri,Mumbai,400053,USER
10000113,Rajesh Trivedi,6796829057,https://randomuser.me/api/portraits/men/36.jpg,2017-05-26,Connaught Place,New Delhi,110001,AGENT
10000114,Sunil Trivedi,8345071663,https://randomuser.me/api/portraits/men/77.jpg,2014-03-21,Connaught Place,New Delhi,110001,USER
10000115,Mukesh Trivedi,8631792502,https://randomuser.me/api/portraits/men/92.jpg,2019-09-27,Lashkar,Gwalior,474001,USER
10000116,Kavita Trivedi,6072588830,https://randomuser.me/api/portraits/women/77.jpg,2023-01-16,Gomti Nagar,Lucknow,226010,USER
10000117,Savita Trivedi,6587343608,https://randomuser.me/api/portraits/women/16.jpg,2016-02-16,Connaught Place,New Delhi,110001,AGENT
10000118,Rekha Trivedi,8488398129,https://randomuser.me/api/portraits/women/37.jpg,2014-12-19,Andheri,Mumbai,400053,USER
10000119,Geeta Trivedi,7982652207,https://randomuser.me/api/portraits/women/1.jpg,2024-01-08,Lashkar,Gwalior,474001,USER
10000120,Neeta Trivedi,7976961000,https://randomuser.me/api/portraits/women/84.jpg,2021-05-26,Connaught Place,New Delhi,110001,AGENT
10000121,Manish Vyas,7649148794,https://randomuser.me/api/portraits/men/32.jpg,2016-05-02,Andheri,Mumbai,400053,USER
10000122,Sanjay Vyas,7046406050,https://randomuser.me/api/portraits/men/37.jpg,2015-12-07,Lashkar,Gwalior,474001,USER
10000123,Rajesh Vyas,9357247795,https://randomuser.me/api/portraits/men/92.jpg,2015-07-18,Connaught Place,New Delhi,110001,USER
10000124,Sunil Vyas,8850467064,https://randomuser.me/api/portraits/men/14.jpg,2021-12-02,Lashkar,Gwalior,474001,USER
10000125,Mukesh Vyas,6774059329,https://randomuser.me/api/portraits/men/64.jpg,2017-01-11,Lashkar,Gwalior,474001,USER
10000126,Kavita Vyas,8669812049,https://randomuser.me/api/portraits/women/79.jpg,2021-07-22,Connaught Place,New Delhi,110001,USER
10000127,Savita Vyas,7072951199,https://randomuser.me/api/portraits/women/3.jpg,2024-04-28,Andheri,Mumbai,400053,USER
10000128,Rekha Vyas,9450012756,https://randomuser.me/api/portraits/women/15.jpg,2022-06-19,Andheri,Mumbai,400053,AGENT
10000129,Geeta Vyas,9363629733,https://randomuser.me/api/portraits/women/37.jpg,2014-07-10,Andheri,Mumbai,400053,AGENT
10000130,Neeta Vyas,8895822770,https://randomuser.me/api/portraits/women/55.jpg,2025-06-28,Gomti Nagar,Lucknow,226010,USER
10000131,Manish Chauhan,6560823152,https://randomuser.me/api/portraits/men/87.jpg,2019-08-03,Lashkar,Gwalior,474001,USER
10000132,Sanjay Chauhan,7318043242,https://randomuser.me/api/portraits/men/64.jpg,2014-09-22,Lashkar,Gwalior,474001,USER
10000133,Rajesh Chauhan,8773963637,https://randomuser.me/api/portraits/men/65.jpg,2025-01-06,Lashkar,Gwalior,474001,USER
10000134,Sunil Chauhan,7814585361,https://randomuser.me/api/portraits/men/87.jpg,2024-11-26,Andheri,Mumbai,400053,USER
10000135,Mukesh Chauhan,7205244214,https://randomuser.me/api/portraits/men/8.jpg,2016-10-26,Connaught Place,New Delhi,110001,AGENT
10000136,Kavita Chauhan,8148419635,https://randomuser.me/api/portraits/women/9.jpg,2020-02-17,Andheri,Mumbai,400053,AGENT
10000137,Savita Chauhan,6127369403,https://randomuser.me/api/portraits/women/1.jpg,2017-02-26,Connaught Place,New Delhi,110001,USER
10000138,Rekha Chauhan,7881469444,https://randomuser.me/api/portraits/women/64.jpg,2025-03-13,Andheri,Mumbai,400053,AGENT
10000139,Geeta Chauhan,9825989570,https://randomuser.me/api/portraits/women/6.jpg,2023-05-20,Lashkar,Gwalior,474001,USER
10000140,Neeta Chauhan,9267183415,https://randomuser.me/api/portraits/women/47.jpg,2017-06-20,Gomti Nagar,Lucknow,226010,USER
10000141,Manish Chawla,8298503778,https://randomuser.me/api/portraits/men/2.jpg,2021-03-31,Lashkar,Gwalior,474001,USER
10000142,Sanjay Chawla,6740049803,https://randomuser.me/api/portraits/men/73.jpg,2022-01-20,Lashkar,Gwalior,474001,USER
10000143,Rajesh Chawla,7676406782,https://randomuser.me/api/portraits/men/48.jpg,2020-12-19,Connaught Place,New Delhi,110001,USER
10000144,Sunil Chawla,9524716047,https://randomuser.me/api/portraits/men/89.jpg,2025-08-24,Connaught Place,New Delhi,110001,USER
10000145,Mukesh Chawla,8270926571,https://randomuser.me/api/portraits/men/70.jpg,2015-10-07,Connaught Place,New Delhi,110001,USER
10000146,Kavita Chawla,7190188283,https://randomuser.me/api/portraits/women/94.jpg,2020-04-17,Connaught Place,New Delhi,110001,USER
10000147,Savita Chawla,9132132779,https://randomuser.me/api/portraits/women/14.jpg,2014-03-21,Gomti Nagar,Lucknow,226010,USER
10000148,Rekha Chawla,6477835698,https://randomuser.me/api/portraits/women/73.jpg,2024-05-23,Laxmi Ganj,Guwahati,781005,USER
10000149,Geeta Chawla,9173270173,https://randomuser.me/api/portraits/women/67.jpg,2015-04-15,Lashkar,Gwalior,474001,USER
10000150,Neeta Chawla,9330146104,https://randomuser.me/api/portraits/women/74.jpg,2022-07-20,Lashkar,Gwalior,474001,AGENT